{
  "shuffle": true,
  "subset": null,
  "min_freq": 75,
  "lower": true,
  "stem": false,
  "analyzer": "char_wb",
  "ngram_max_range": 6,
  "alpha": 0.0001,
  "learning_rate": 0.09454048625932879,
  "num_epochs": 100,
  "power_t": 0.39228988413371135,
  "threshold": 0.4497793313590728
}